{
  "model": "facebook/sam3",
  "box_1008": [
    430.0,
    90.0,
    700.0,
    980.0
  ],
  "multimask_output": false,
  "dyn_iou": 0.6526644229888916,
  "object_score": 24.0261173248291,
  "stages": {
    "dyn_mask": {
      "shape": [
        288,
        288
      ],
      "min": -15.924995422363281,
      "max": 2.266841173171997,
      "mean": -6.815186977386475,
      "std": 3.004016399383545,
      "sha1_5dp": "c0a3759ff73c47a0"
    }
  }
}